<?xml version="1.0" encoding="UTF-8"?>
<!DOCTYPE platform PUBLIC "-//NetBeans//DTD Java PlatformDefinition 1.0//EN" "http://www.netbeans.org/dtds/java-platformdefinition-1_0.dtd">
<platform default="yes" name="JDK 1.8 (Default)">
    <properties>
        <property name="platform.ant.name" value="default_platform"/>
    </properties>
    <sources>
        <resource>jar:file:/C:/Program%20Files/Java/jdk1.8.0_74/src.zip!/</resource>
        <resource>jar:file:/C:/Program%20Files/Java/jdk1.8.0_74/javafx-src.zip!/</resource>
        <resource>file:/C:/Program%20Files/Java/jdk1.8.0_74/</resource>
    </sources>
</platform>
