<?xml version="1.0" encoding="UTF-8"?>
<!DOCTYPE platform PUBLIC "-//NetBeans//DTD Java PlatformDefinition 1.0//EN" "http://www.netbeans.org/dtds/java-platformdefinition-1_0.dtd">
<platform default="no" name="JDK 1.8">
    <jdkhome>
        <resource>file:/C:/Program%20Files/Java/jdk1.8.0_74/</resource>
    </jdkhome>
    <properties>
        <property name="platform.ant.name" value="JDK_1.8"/>
    </properties>
    <sysproperties>
        <property name="awt.toolkit" value="sun.awt.windows.WToolkit"/>
        <property name="file.encoding" value="Cp1252"/>
        <property name="file.encoding.pkg" value="sun.io"/>
        <property name="file.separator" value="\"/>
        <property name="java.awt.graphicsenv" value="sun.awt.Win32GraphicsEnvironment"/>
        <property name="java.awt.printerjob" value="sun.awt.windows.WPrinterJob"/>
        <property name="java.class.path" value=""/>
        <property name="java.class.version" value="52.0"/>
        <property name="java.endorsed.dirs" value="C:\Program Files\Java\jdk1.8.0_74\jre\lib\endorsed"/>
        <property name="java.ext.dirs" value="C:\Program Files\Java\jdk1.8.0_74\jre\lib\ext;C:\WINDOWS\Sun\Java\lib\ext"/>
        <property name="java.home" value="C:\Program Files\Java\jdk1.8.0_74\jre"/>
        <property name="java.io.tmpdir" value="C:\Users\Someone\AppData\Local\Temp\"/>
        <property name="java.library.path" value="C:\Program Files\Java\jdk1.8.0_74\bin;C:\WINDOWS\Sun\Java\bin;C:\WINDOWS\system32;C:\WINDOWS;C:\Python35\Lib\site-packages\PyQt5;C:\Python35\Scripts\;C:\Python35\;C:\ProgramData\Oracle\Java\javapath;E:\mongodb\bin\;C:\Python34\;C:\Python34\Scripts;C:\Python26\;C:\Windows\system32;C:\Windows;C:\Windows\System32\Wbem;C:\Windows\System32\WindowsPowerShell\v1.0\;C:\Git\cmd;C:\Program Files (x86)\WinSCP\;C:\Program Files (x86)\Java\jre7\bin;C:\Program Files (x86)\Windows Kits\8.1\Windows Performance Toolkit\;C:\Program Files\Microsoft SQL Server\110\Tools\Binn\;C:\Program Files (x86)\GNU\GnuPG\pub;C:\Users\Public\Programs\CMake\bin;C:\HashiCorp\Vagrant\bin;E:\Programs\QTSystem\;C:\Program Files\TortoiseSVN\bin;C:\Program Files (x86)\Microsoft SDKs\TypeScript\1.0\;C:\Program Files\Microsoft SQL Server\120\Tools\Binn\;C:\Program Files (x86)\NVIDIA Corporation\PhysX\Common;C:\Program Files (x86)\Skype\Phone\;E:\grails\bin;E:\xampp\php;C:\ProgramData\ComposerSetup\bin;C:\WINDOWS\system32;C:\WINDOWS;C:\WINDOWS\System32\Wbem;C:\WINDOWS\System32\WindowsPowerShell\v1.0\;E:\Programs\Anaconda3;E:\Programs\Anaconda3\Scripts;E:\Programs\Anaconda3\Library\bin;C:\Users\Public\Programs\nodejs\;E:\Programs\androidSDK;%EC2_HOME%\bin,;E:\Programs\Sencha\Cmd/..;C:\Users\Public\Programs\SDL-1.2.15\lib\x64\SDL.dll;C:\Ruby200-x64\bin;C:\Program Files (x86)\Mozilla Firefox;C:\Program Files (x86)\OpenBabel-2.3.2;E:\Programs\Couchapp;C:\Users\Someone\AppData\Roaming\npm;."/>
        <property name="java.runtime.name" value="Java(TM) SE Runtime Environment"/>
        <property name="java.runtime.version" value="1.8.0_74-b02"/>
        <property name="java.specification.name" value="Java Platform API Specification"/>
        <property name="java.specification.vendor" value="Oracle Corporation"/>
        <property name="java.specification.version" value="1.8"/>
        <property name="java.vendor" value="Oracle Corporation"/>
        <property name="java.vendor.url" value="http://java.oracle.com/"/>
        <property name="java.vendor.url.bug" value="http://bugreport.sun.com/bugreport/"/>
        <property name="java.version" value="1.8.0_74"/>
        <property name="java.vm.info" value="mixed mode"/>
        <property name="java.vm.name" value="Java HotSpot(TM) 64-Bit Server VM"/>
        <property name="java.vm.specification.name" value="Java Virtual Machine Specification"/>
        <property name="java.vm.specification.vendor" value="Oracle Corporation"/>
        <property name="java.vm.specification.version" value="1.8"/>
        <property name="java.vm.vendor" value="Oracle Corporation"/>
        <property name="java.vm.version" value="25.74-b02"/>
        <property name="line.separator" value="&#13;&#10;"/>
        <property name="os.arch" value="amd64"/>
        <property name="os.name" value="Windows 10"/>
        <property name="os.version" value="10.0"/>
        <property name="path.separator" value=";"/>
        <property name="sun.arch.data.model" value="64"/>
        <property name="sun.boot.class.path" value="C:\Program Files\Java\jdk1.8.0_74\jre\lib\resources.jar;C:\Program Files\Java\jdk1.8.0_74\jre\lib\rt.jar;C:\Program Files\Java\jdk1.8.0_74\jre\lib\sunrsasign.jar;C:\Program Files\Java\jdk1.8.0_74\jre\lib\jsse.jar;C:\Program Files\Java\jdk1.8.0_74\jre\lib\jce.jar;C:\Program Files\Java\jdk1.8.0_74\jre\lib\charsets.jar;C:\Program Files\Java\jdk1.8.0_74\jre\lib\jfr.jar;C:\Program Files\Java\jdk1.8.0_74\jre\classes"/>
        <property name="sun.boot.library.path" value="C:\Program Files\Java\jdk1.8.0_74\jre\bin"/>
        <property name="sun.cpu.endian" value="little"/>
        <property name="sun.cpu.isalist" value="amd64"/>
        <property name="sun.desktop" value="windows"/>
        <property name="sun.io.unicode.encoding" value="UnicodeLittle"/>
        <property name="sun.java.command" value="org.netbeans.modules.java.j2seplatform.wizard.SDKProbe C:\Users\Someone\AppData\Local\Temp\nb-platformdetect3785054539046090153properties"/>
        <property name="sun.java.launcher" value="SUN_STANDARD"/>
        <property name="sun.jnu.encoding" value="Cp1252"/>
        <property name="sun.management.compiler" value="HotSpot 64-Bit Tiered Compilers"/>
        <property name="sun.os.patch.level" value=""/>
        <property name="user.country" value="US"/>
        <property name="user.dir" value=""/>
        <property name="user.home" value="C:\Users\Someone"/>
        <property name="user.language" value="en"/>
        <property name="user.name" value="Someone"/>
        <property name="user.script" value=""/>
        <property name="user.timezone" value="America/New_York"/>
        <property name="user.variant" value=""/>
    </sysproperties>
</platform>
